"Title","WorkoutType","WorkoutDescription","PlannedDuration","PlannedDistanceInMeters","WorkoutDay","CoachComments","DistanceInMeters","PowerAverage","PowerMax","Energy","AthleteComments","TimeTotalInHours","VelocityAverage","VelocityMax","CadenceAverage","CadenceMax","HeartRateAverage","HeartRateMax","TorqueAverage","TorqueMax","IF","TSS","HRZone1Minutes","HRZone2Minutes","HRZone3Minutes","HRZone4Minutes","HRZone5Minutes","HRZone6Minutes","HRZone7Minutes","HRZone8Minutes","HRZone9Minutes","HRZone10Minutes","PWRZone1Minutes","PWRZone2Minutes","PWRZone3Minutes","PWRZone4Minutes","PWRZone5Minutes","PWRZone6Minutes","PWRZone7Minutes","PWRZone8Minutes","PWRZone9Minutes","PWRZone10Minutes","Rpe","Feeling"
"Rest Day","Day Off","There was some real intensity in your sessions last week; today is a welcome rest day.","","","2018-01-01","","","","","","","","","","","","","","","","","","","","","","","","","","","","","","","","","","","","","","",""
"Rest Day","Day Off","Don’t be tempted to squeeze and additional session in, it’s by recovering from hard training that you become stronger","","","2018-01-02","","","","","","","","","","","","","","","","","","","","","","","","","","","","","","","","","","","","","","",""
"10-Mile Time Trial or Under/Over Intervals","Bike","Time: 50 mins - 1 hr 10 mins Warm-up: http://bit.ly/20minwarmup Cadence: Self-selected Aim to ride the TT in HRZ/PZ4 Find a local 10-mile time trial to complete today. If there isn’t a time trial close to you put together your own route. For turbo, static bike or rollers, complete Indoor Session: Threshold Under/Overs. http://bit.ly/thresholdunderovers – 10-15 mins cool-down to Z1, 90 rpm","1.16666666666667","","2018-01-03","Develops aerobic endurance and builds power at Threshold. Demands excellent pacing and gear selection","","","","","","","","","","","","","","","","","","","","","","","","","","","","","","","","","","","","","",""
"Rest Day","Day Off","If you have been short of time during this training block, today or tomorrow would be a good time to check your bike over, give it a clean and get your bike kit washed and clean for the weekend.","","","2018-01-04","","","","","","","","","","","","","","","","","","","","","","","","","","","","","","","","","","","","","","",""
"Rest Day","Day Off","This is an important session. Don’t skip recovery because this is when you get stronger. You need your strength for the weekend.","","","2018-01-05","","","","","","","","","","","","","","","","","","","","","","","","","","","","","","","","","","","","","","",""
"Recovery ride","Bike","Warm-up: Ease yourself gently into today’s session Cadence: 90-95 rpm RIDE GUIDE – Ride with others if you can but keep it easy – Chose a flat route which will allow you to stay largely within Zone 1 – Cool down","2","","2018-01-06","","","","","","","","","","","","","","","","","","","","","","","","","","","","","","","","","","","","","","",""
"","Bike","Time: 2 hr 30 mins - 3 hrs Warm-up: WU R from http://bit.ly/WU1_warmup Cadence: Self-selected RIDE GUIDE – A very sociable/easy pace – A café stop if you fancy it – Ride on feel but it’s important that this is not a hard ride. Move to the back of the group if the pace picks up too much.","3","","2018-01-07","","","","","","","","","","","","","","","","","","","","","","","","","","","","","","","","","","","","","","",""
"Cycling","Bike","","","","2018-02-14","","15941.669921875","","","","","0.699769675731659","6.32800006866455","","","","147","167","","","0.922708978875822","66.26","3","11","12","10","0","0","0","","","","","","","","","","","","","","",""
"Cycling","Bike","","","","2018-02-25","","483.079986572266","","","","","0.0483958348631859","2.77300000190735","","","","","","","","","","","","","","","","","","","","","","","","","","","","","","",""
"Cycling","Bike","","","","2018-02-26","","59346.171875","","","","","4.1241192817688","3.99699997901917","","","","137","168","","","0.802961198223602","305.23","106","44","41","29","0","0","0","","","","","","","","","","","","","","",""
"Cycling","Bike","","","","2018-02-27","","26562.08984375","","","","","2.91184902191162","2.53399991989136","","59","","131","175","","","0.77350240924283","198.27","67","33","22","13","0","1","0","","","","","","","","","","","","","","",""
"Cycling","Bike","","","","2018-02-28","","116931.2421875","","","","","6.5447793006897","4.96299982070923","","70","","124","158","","","0.701370104173692","373.91","130","81","41","1","0","0","0","","","","","","","","","","","","","","",""
"Cycling","Bike","","","","2018-03-01","","117330.859375","","","","","6.36805248260498","5.11800003051758","","72","","133","173","","","0.774111596589402","442.88","139","98","42","29","0","0","0","","","","","","","","","","","","","","",""
"Cycling","Bike","","","","2018-03-03","","115356.0234375","","","","","6.41375017166138","4.99599981307983","","66","","122","159","","","0.672892898583291","337.07","210","52","13","0","0","0","0","","","","","","","","","","","","","","",""
"Cycling","Bike","","","","2018-03-04","","93802.28125","","","","","5.13329935073853","5.07600021362305","","68","","114","144","","","0.619920878369985","227.71","195","7","0","0","0","0","0","","","","","","","","","","","","","","",""
"Cycling","Bike","","","","2018-03-04","","8703.400390625","","","","","0.369062781333923","6.55100011825562","","70","","133","152","","","0.770563232579138","23.68","14","6","1","0","0","0","0","","","","","","","","","","","","","","",""
"Cycling","Bike","","","","2018-03-05","","121273.28125","","","","","6.92083311080933","4.86700010299683","","71","","117","162","","","0.657020154295899","347.46","215","47","10","0","0","0","0","","","","","","","","","","","","","","",""
"Cycling","Bike","","","","2018-03-06","","96732.21875","","","","","6.31133508682251","4.25699996948242","","68","","114","165","","","0.637571336988135","297.69","184","28","9","1","0","0","0","","","","","","","","","","","","","","",""
"Cycling","Bike","","","","2018-03-07","","80600.5390625","","","","","6.35316133499146","3.5239999294281","","70","","122","166","","","0.704786049003426","366.24","136","66","28","10","0","0","0","","","","","","","","","","","","","","",""
"Cycling","Bike","","","","2018-03-08","","101124.421875","","","","","5.90893793106079","4.75400018692017","","72","","121","165","","","0.682160764364383","318.51","158","71","8","1","0","0","0","","","","","","","","","","","","","","",""
"Cycling","Bike","","","","2018-03-10","","110377.4765625","","","","","5.64014291763306","5.43599987030029","","72","","111","180","","","0.653827736621838","278.98","98","55","16","2","0","0","0","","","","","","","","","","","","","","",""
"Cycling","Bike","","","","2018-03-11","","99297.578125","","","","","6.05598163604736","4.55499982833862","","75","","130","157","","","0.729152799767624","373.2","120","123","17","0","0","0","0","","","","","","","","","","","","","","",""
"Cycling","Bike","","","","2018-03-12","","96790.4375","","","","","5.49515342712402","4.89300012588501","","75","","123","154","","","0.680259026345018","294.02","180","68","3","0","0","0","0","","","","","","","","","","","","","","",""
"Cycling","Bike","","","","2018-03-13","","68941.46875","","","","","5.06160449981689","3.78299999237061","","73","","119","155","","","0.686337773047417","275.11","99","77","7","0","0","0","0","","","","","","","","","","","","","","",""
"Cycling","Bike","","","","2018-03-13","","41171.4296875","","","","","2.11136770248413","5.41699981689453","","73","","141","168","","","0.837346007870845","167.09","29","44","22","14","0","0","0","","","","","","","","","","","","","","",""
"Cycling","Bike","","","","2018-03-14","","98677.703125","","","","","7.31907749176025","3.74499988555908","","73","","122","158","","","0.698893543720325","416.36","207","86","17","0","0","0","0","","","","","","","","","","","","","","",""
"Cycling","Bike","","","","2018-03-15","","98995.5390625","","","","","5.01034784317017","5.48799991607666","","72","","112","148","","","0.627781812904082","227.79","152","34","0","0","0","0","0","","","","","","","","","","","","","","",""
"Cycling","Bike","","","","2018-03-16","","131271.34375","","","","","6.13877868652344","5.94000005722046","","75","","113","162","","","0.654646590044319","305.03","151","50","13","4","0","0","0","","","","","","","","","","","","","","",""
"Cycling","Bike","","","","2018-03-17","","105520.1015625","","","","","4.31048583984375","6.80000019073486","","71","","116","159","","","0.63786208455256","201.55","155","17","4","1","0","0","0","","","","","","","","","","","","","","",""
"Cycling","Bike","","","","2018-03-17","","8377.98046875","","","","","1.55638229846954","1.49500000476837","","66","","","","","","","","","","","","","","","","","","","","","","","","","","","","",""
"Cycling","Bike","","","","2018-03-18","","115407.5625","","","","","4.85502767562866","6.60300016403198","","73","","120","154","","","0.633348011347836","224.5","127","26","3","0","0","0","0","","","","","","","","","","","","","","",""
"Cycling","Bike","","","","2018-03-19","","116627.8828125","","","","","5.12463855743408","6.32200002670288","","75","","119","154","","","0.662181873936764","259.37","148","43","4","0","0","0","0","","","","","","","","","","","","","","",""
"Cycling","Bike","","","","2018-03-21","","93824.296875","","","","","5.21579170227051","4.99700021743774","","75","","132","165","","","0.759889141712967","347.8","93","123","29","4","0","0","0","","","","","","","","","","","","","","",""
"Cycling","Bike","","","","2018-03-22","","87527.9375","","","","","4.48242330551147","5.42399978637695","","73","","123","157","","","0.687202128206099","243.51","150","43","8","0","0","0","0","","","","","","","","","","","","","","",""
"Cycling","Bike","","","","2018-03-23","","119921.921875","","","","","8.0087366104126","4.15899991989136","","69","","119","176","","","0.686913253740294","441.09","194","71","23","11","0","1","0","","","","","","","","","","","","","","",""
"Cycling","Bike","","","","2018-03-24","","102861.921875","","","","","4.87537431716919","5.86100006103516","","74","","117","157","","","0.646353669303021","234.8","169","28","2","0","0","0","0","","","","","","","","","","","","","","",""
"Cycling","Bike","","","","2018-03-25","","108243.8984375","","","","","5.71618413925171","5.26000022888184","","72","","108","152","","","0.599571950056456","237.83","186","11","1","0","0","0","0","","","","","","","","","","","","","","",""
"Cycling","Bike","","","","2018-03-26","","114490.9375","","","","","6.37494468688965","4.98899984359741","","69","","74","134","","","0.529711856334852","207.59","55","0","0","0","0","0","0","","","","","","","","","","","","","","",""
"Cycling","Bike","","","","2018-03-27","","109987.1171875","","","","","5.90060329437256","5.17799997329712","","69","","107","136","","","0.587410864268132","235.82","223","0","0","0","0","0","0","","","","","","","","","","","","","","",""
"Cycling","Bike","","","","2018-03-28","","96604.703125","","","","","4.64107227325439","5.78200006484985","","69","","114","158","","","0.613273634088414","200.98","173","6","2","1","0","0","0","","","","","","","","","","","","","","",""
"Cycling","Bike","","","","2018-03-30","","105715.3203125","","","","","5.41177892684937","5.42600011825562","","69","","120","162","","","0.667994414589833","279.11","184","53","4","1","0","0","0","","","","","","","","","","","","","","",""
"Cycling","Bike","","","","2018-03-30","","4180.39013671875","","","","","0.368970841169357","3.1470000743866","","55","","114","154","","","0.666072025966836","17.68","10","2","1","0","0","0","0","","","","","","","","","","","","","","",""
"Cycling","Bike","","","","2018-03-31","","93992.921875","","","","","5.29895544052124","4.92700004577637","","71","","121","157","","","0.640000843237496","250.72","211","19","3","0","0","0","0","","","","","","","","","","","","","","",""
"Cycling","Bike","","","","2018-04-01","","107697.8828125","","","","","5.52194738388062","5.41800022125244","","71","","113","145","","","0.609604846775415","237.3","222","3","0","0","0","0","0","","","","","","","","","","","","","","",""
"Cycling","Bike","","","","2018-04-01","","7092.490234375","","","","","0.722213625907898","2.7279999256134","","","","103","135","","","0.572663718905508","26.02","10","0","0","0","0","0","0","","","","","","","","","","","","","","",""
"Cycling","Bike","","","","2018-04-02","","94169.4609375","","","","","4.57239723205566","5.72100019454956","","74","","118","165","","","0.640409690205522","215.84","153","29","2","3","0","0","0","","","","","","","","","","","","","","",""
"Cycling","Bike","","","","2018-04-03","","93978.640625","","","","","5.09320163726807","5.125","","71","","89","137","","","0.533900539618663","167.55","66","0","0","0","0","0","0","","","","","","","","","","","","","","",""
"Cycling","Bike","","","","2018-04-04","","111682.9375","","","","","5.94501447677612","5.21799993515015","","71","","114","158","","","0.646307423049812","287.72","173","45","4","0","0","0","0","","","","","","","","","","","","","","",""
"Cycling","Bike","","","","2018-04-05","","100473.5","","","","","5.63159036636353","4.95599985122681","","72","","117","153","","","0.639190532806647","266.21","198","30","1","0","0","0","0","","","","","","","","","","","","","","",""
"Cycling","Bike","","","","2018-04-07","","99153.7421875","","","","","3.76706480979919","7.31099987030029","","75","","124","170","","","0.697677248198462","210.02","139","26","10","5","0","0","0","","","","","","","","","","","","","","",""
"Cycling","Bike","","","","2018-04-08","","114857.15625","","","","","5.65360450744629","5.64300012588501","","75","","114","163","","","0.6631198117157","287.65","97","57","14","3","0","0","0","","","","","","","","","","","","","","",""
"Cycling","Bike","","","","2018-04-09","","106633.21875","","","","","5.46129894256592","5.42399978637695","","74","","119","158","","","0.665930132071738","279.99","141","48","7","2","0","0","0","","","","","","","","","","","","","","",""
"Cycling","Bike","","","","2018-04-11","","116987.2421875","","","","","5.33775997161865","6.08799982070923","","78","","126","163","","","0.691887242718262","295.22","184","53","5","2","0","0","0","","","","","","","","","","","","","","",""
"Cycling","Bike","","","","2018-04-12","","98597.1015625","","","","","5.7648754119873","4.75099992752075","","76","","109","149","","","0.59934339322491","239.72","139","6","0","0","0","0","0","","","","","","","","","","","","","","",""
"Cycling","Bike","","","","2018-04-13","","8443.830078125","","","","","0.862221419811249","2.72000002861023","","","","117","147","","","0.660629469922919","41.53","32","5","0","0","0","0","0","","","","","","","","","","","","","","",""
"Cycling","Bike","","","","2018-04-19","","16596.58984375","","","","","0.694460868835449","6.63800001144409","","82","","146","169","","","0.947671064468334","68.46","4","5","8","17","0","0","0","","","","","","","","","","","","","","",""
"Cycling","Bike","","","","2018-04-19","","15161.9404296875","","","","","0.717659950256348","5.86899995803833","","81","","156","183","","","1.02623789723671","83.05","1","3","7","26","0","0","0","","","","","","","","","","","","","","",""
"Rest Day","Day Off","If you have been following any of our other Training Plans, ridden a sportive, competed or just logged some miles at the weekend, you are likely to be tired today. Most importantly, you need to be well rested before tomorrow’s Threshold Test","","","2018-06-19","","","","","","","","","","","","","","","","","","","","","","","","","","","","","","","","","","","","","","",""
"Threshold Test","Bike","Warm-up: http://bit.ly/20minwarmup Ride as hard as you can for 30 minutes, recording average heart rate and/or power for the final 20 minutes Cool down for 20 minutes","1.16666666666667","","2018-06-20","For full protocol and links to zone calculator, http://bit.ly/threshold_test","3017.98999023438","","","","","0.138888895511627","6.05700016021729","","63","","","","","","","","","","","","","","","","","","","","","","","","","","","","",""
"Rest Day","Day Off","This plan is all about the quality of the efforts so resting up well on recovery days is vital. Either put your feet up or do a restorative activity such as swimming, Pilates or yoga.","","","2018-06-21","","","","","","","","","","","","","","","","","","","","","","","","","","","","","","","","","","","","","","",""
"Cycling","Bike","","","","2018-06-21","","3880.73999023438","","","","","0.202777773141861","5.31599998474121","","","","","","","","","","","","","","","","","","","","","","","","","","","","","","",""
"Cycling","Bike","","","","2018-06-21","","3028.69995117188","","","","","0.150555551052094","5.61299991607666","","49","","","","","","","","","","","","","","","","","","","","","","","","","","","","",""
"Outdoor: Big gear / Low cadence with sprints","Bike","Outdoor Training Sessions: Big Gear / Low Cadence with Sprints Time: 1 hour 10 minutes Warm-up: http://bit.ly/WU1_warmup Terrain: A hill that will take at least 5 minutes to climb. Zones: All efforts should be in HRZ4/PZ4, aiming for the biggest gear and lowest cadence you can maintain until the final sprints when you should attack it 100%. • RIDE GUIDE 14 minutes - Warm-up WU T1 • On the hill 2 minutes - seated 50-60 rpm 1 minute - standing +5 rpm 1 minute - seated 55-60 rpm 30 seconds - standing +5 rpm 15 seconds - seated maintaining previous cadence 15 seconds -stand and sprint 5 minutes - easy spinning • Repeat for a total of 5 repetitions, leave out the 5 minutes of easy spinning on the final repetition. • 10 minutes - Cool Down","1.16666666666667","","2018-06-22","• Keep your pedalling smooth, even at the really low cadences. • Ensure your upper body remains stable and relaxed, don’t wrestle the bike. • Really push hard and attack the sprints.","1153","","","","","0.054166667163372","5.91300010681152","","","","","","","","","","","","","","","","","","","","","","","","","","","","","","",""
"Cycling","Bike","","","","2018-06-22","","2292.27001953125","","","","","0.111944444477558","5.68800020217896","","","","","","","","","","","","","","","","","","","","","","","","","","","","","","",""
"Cycling","Bike","","","","2018-06-22","","2416.82006835938","","","","","0.105555556714535","6.35400009155273","","","","","","","","","","","","","","","","","","","","","","","","","","","","","","",""
"Rest Day","Day Off","Don’t be tempted to try and squeeze in any extra training. Invest some time in maximising your recovery","","","2018-06-23","","","","","","","","","","","","","","","","","","","","","","","","","","","","","","","","","","","","","","",""
"Indoor: 20/40","Bike","Turbo/Rollers/Static Bike: 20/40 seconds Time: 1.5 hours Warm-up: http://bit.ly/20minwarmup Ride: Cadence 95rpm+ for 20 seconds and drop below 95rpm for 40 seconds Zones: The effort should be 120%+ FTP for power or a long sprint for heart rate British Cycling 20-minute warm-up 20 seconds Sprint 40 seconds Active Recovery 20 seconds Sprint 40 seconds Active Recovery 20 seconds Sprint 40 seconds Active Recovery 20 seconds Sprint 40 seconds Active Recovery 20 seconds Sprint 5 minutes 40 seconds Active Recovery Repeat this set four more times, with active recovery at the end of each. Once you finish your sets, cool down for 10 minutes.","1.5","","2018-06-24","• Keep a firm grip on the handlebars • Tighten core muscles and pull elbows back towards belly • If you start to bob in the saddle, slow down your pedalling cadence and concentrate on engaging your abdominal muscles to stabilise your hips","3229.90991210938","","","","","0.179444447159767","5","","34","","100","136","","","0.623235236182568","7.4","3","0","0","0","0","0","0","","","","","","","","","","","","","","",""
"Cycling","Bike","","","","2018-06-24","","66445.796875","","","","","2.5699999332428","7.18200016021729","","64","","141","179","","","0.842268677865553","206.79","48","47","23","15","1","3","1","","","","","","","","","","","","","","",""
"Outdoor: VO2 efforts","Bike","Outdoor Training Sessions: VO2 Efforts Time: 1 hour 40 minutes Warm-up: WU R from http://bit.ly/WU1_warmup Terrain: Flat or with gradual inclines for the efforts. Zones: Follow guide below and try to maintain a consistent 80-90 rpm cadence RIDE GUIDE • 10 minutes - WU R • 5 minutes - at Threshold HR/PZ4 100% FTP • 5 minutes - HR/PZ1 • 6 X 3 minutes - HR/PZ5 with 3-minute easy pedalling recovery • 10 minutes - HR/PZ1 • 4 X 2 minutes - HR/PZ5 with 4-minute easy pedalling recovery • 15 minutes - Cool Down","1.66666666666667","","2018-06-25","• If using heart rate, don’t go off too hard. Your heart rate will lag behind your effort so build it up over the first minute. • Keep your pedal stroke smooth, don’t stamp on the pedals. • Hold your focus during the efforts, keep your upper body still and relaxed There is no point in having a killer sprint if you haven’t got the endurance to be at the front of the race. This session and the efforts develops your maximal ability to uptake and use oxygen within an endurance ride.","","","","","","","","","","","","","","","","","","","","","","","","","","","","","","","","","","","","","",""
"Rest Day","Day Off","Last week was probably quite a shock to your legs, especially the back to back sessions on Saturday and Sunday.","","","2018-06-26","","","","","","","","","","","","","","","","","","","","","","","","","","","","","","","","","","","","","","",""
"Cycling","Bike","","","","2018-06-26","","70501.6328125","","","","","2.35833334922791","8.30399990081787","","","","141","167","","","0.833891861696595","185.61","35","48","31","11","0","0","0","","","","","","","","","","","","","","",""
"Cycling","Bike","","","","2018-06-26","","3022.75","","","","","0.154444441199303","5.43699979782104","","","","125","152","","","0.734887001750306","8.82","6","1","0","0","0","0","0","","","","","","","","","","","","","","",""
"Cycling","Bike","","","","2018-06-26","","3102.38989257813","","","","","0.147499993443489","5.8769998550415","","","","123","142","","","0.710209312901197","7.86","7","1","0","0","0","0","0","","","","","","","","","","","","","","",""
"Indoor: 5 Minute Ramped Intervals","Bike","Turbo/Rollers/Static Bike: 5 minute Ramped Intervals Session Time: 1.5 hours Warm-up: http://bit.ly/20minwarmup Ride: Hold 95rpm+ for the efforts, building the cadence for the maximal last minute surge. Active recovery should be at 90rpm with very low resistance Zones: VO2 max zone for efforts, ending the end of each repetition with an all out effort for the last minute. Ride in the active recovery zone for the rest intervals. RIDE GUIDE Warm up: British Cycling 20-minute warm-up - 5 minutes VO2 Max Effort, ramped at the end - 5 minutes Active Recovery - 5 minutes VO2 Max Effort, ramped at the end - 5 minutes Active Recovery - 5 minutes VO2 Max Effort, ramped at the end - 5 minutes Active Recovery - 5 minutes VO2 Max Effort, ramped at the end - 5 minutes Active Recovery - 5 minutes VO2 Max Effort, ramped at the end - 15 minutes Cool Down","1.5","","2018-06-27","• Check your power or heart rate training zones are accurate and up to date. • Concentrate on a strong but even pedal stroke, don’t be tempted to mash • the pedals when it gets tough. • This session takes a lot of mental strength so make sure you’re up for it. A sprint often comes at the end of a hard final push and this session is perfect preparation.","3015.26000976563","","","","","0.135000005364418","6.22399997711182","","","","","","","","","","","","","","","","","","","","","","","","","","","","","","",""
"Cycling","Bike","","","","2018-06-27","","9419.240234375","","","","","0.355833321809769","7.35300016403198","","","","","","","","","","","","","","","","","","","","","","","","","","","","","","",""
"Cycling","Bike","","","","2018-06-27","","6680.89013671875","","","","","0.277777791023254","6.68100023269653","","","","","","","","","","","","","","","","","","","","","","","","","","","","","","",""
"Rest Day","Day Off","This plan is all about the quality of the efforts so resting up well on recovery days is vital. Either put your feet up or do a restorative activity such as swimming, Pilates or yoga.","","","2018-06-28","","","","","","","","","","","","","","","","","","","","","","","","","","","","","","","","","","","","","","",""
"Cycling","Bike","","","","2018-06-28","","54348.46875","","","","","1.66694450378418","9.05700016021729","","","","140","169","","","0.841345399366125","132.39","36","27","13","16","0","0","0","","","","","","","","","","","","","","",""
"Cycling","Bike","","","","2018-06-28","","3006.94995117188","","","","","0.126944437623024","6.61299991607666","","","","","","","","","","","","","","","","","","","","","","","","","","","","","","",""
"Cycling","Bike","","","","2018-06-28","","5179.02978515625","","","","","0.227222219109535","6.33099985122681","","","","","","","","","","","","","","","","","","","","","","","","","","","","","","",""
"Outdoor: Seated Accelerations","Bike","Time: 55 mins - 1 hr 10 mins Warm-up: http://bit.ly/WU1_warmup Terrain: Flat and ideally traffic free for efforts Zones: Not applicable, accelerations are maximal up to 90 rpm RIDE GUIDE • 14 minutes - Warm-up WU T1 • X 10-15 Seated Accelerations with 3-minute recoveries (see pre-activity comments) • 10 minutes - Cool Down","1.16666666666667","","2018-06-29","• To gain the recovery benefits, you have to stay within the designated - Shift into your biggest gear, slow to a near halt, sit and then drive away, remaining seated, until you hit 90 rpm. • Stay in the saddle, engage your trunk muscles and exhale on each hard press of the pedals. • Recoveries are easy spinning. • Be wary of doing this session if you have ever suffered from any knee problems","1337.39001464844","","","","","0.0663888901472092","5.88600015640259","","","","","","","","","","","","","","","","","","","","","","","","","","","","","","",""
"Cycling","Bike","","","","2018-06-29","","2269.10009765625","","","","","0.0994444414973259","6.33099985122681","","","","","","","","","","","","","","","","","","","","","","","","","","","","","","",""
"Cycling","Bike","","","","2018-06-29","","3698.44995117188","","","","","0.151944443583488","6.76000022888184","","","","","","","","","","","","","","","","","","","","","","","","","","","","","","",""
"Rest Day","Day Off","Don’t be tempted to try and squeeze in any extra training. Invest some time in maximising your recovery","","","2018-06-30","","","","","","","","","","","","","","","","","","","","","","","","","","","","","","","","","","","","","","",""
"Indoor: 1 Minute Neuromuscular Intervals","Bike","Turbo/Rollers/Static Bike: 1 minute Neuromuscular Intervals Session Time: 1 hour Warm-up: http://bit.ly/20minwarmup Ride: Cadence 95rpm+ with a focussed drive up to speed for the opening 20 seconds of the interval with enough resistance to generate maximum power. Recover at 90rpm and a low resistance. Zones: Neuromuscular zone for high power efforts, start in a hard gear for 20 seconds and try to hold the speed for the rest of the effort, active recovery zone for rest durations. British Cycling 20-minute warm-up 1 minutes Maximum Effort 3 minutes Rest 1 minutes Maximum Effort 3 minutes Rest 1 minutes Maximum Effort 3 minutes Rest 1 minutes Maximum Effort 3 minutes Rest 1 minutes Maximum Effort 3 minutes Rest 1 minutes Maximum Effort 3 minutes Rest 1 minutes Maximum Effort 3 minutes Rest 1 minutes Maximum Effort 3 minutes Rest Cool down routine","1","","2018-07-01","• Drive on the pedals hard in the first 20 seconds of the interval • Concentrate on a strong body position on the bike • After the initial power burst, hold your leg speed high for the duration of the interval","20448.759765625","","","","","1.10861110687256","5.12400007247925","","49","","144","175","","","0.913742516999931","102.8","13","9","14","19","1","0","0","","","","","","","","","","","","","","",""
"Outdoor: Anaerobic capacity efforts","Bike","Outdoor Training Sessions: Anaerobic Capacity Efforts Time: 1 hour 45 minutes Warm-up: WU R from http://bit.ly/WU1_warmup Terrain: Flat with steep hills for the efforts. Zones: Follow guide below. These efforts are too short for heart rate to be effectively used so simply ride a maximal effort for the time given, if you are not using power zones. • RIDE GUIDE 15 minutes - Warm-up WU R • 8 X 2 minutes - PZ6 / maximal effort with 3-minute easy pedalling recovery. Stop the intervals if you can no longer reach the zone. • 3 minutes - Easy pedalling • 8 X 1 minute - PZ6 / maximal effort with 3-minute easy pedalling recovery. Stop the intervals if you can no longer reach the zone. • 15 minutes - Cool Down","1.75","","2018-07-02","• Quality is key, once you can no longer hit the required power, end the intervals. • If you are not using power, note how far you go during the interval and, once that drops by more than 5-10%, end the set. • Alternate between seated and standing to maintain the required intensity.","","","","","","","","","","","","","","","","","","","","","","","","","","","","","","","","","","","","","",""
"Rest Day","Day Off","Last week was probably quite a shock to your legs, especially the back to back sessions on Saturday and Sunday, so rest up.","","","2018-07-03","","","","","","","","","","","","","","","","","","","","","","","","","","","","","","","","","","","","","","",""
"Cycling","Bike","","","","2018-07-03","","30111.390625","","","","","1.81944441795349","4.59700012207031","","40","","119","160","","","0.671244405073123","92.18","61","13","1","1","0","0","0","","","","","","","","","","","","","","",""
"Cycling","Bike","","","","2018-07-03","","28475.19921875","","","","","1.55777776241302","5.07800006866455","","42","","110","152","","","0.650526186861163","73.84","26","12","2","0","0","0","0","","","","","","","","","","","","","","",""
"Walking","Walk","","","","2018-07-03","","2209.98999023438","","","","","0.46495196223259","1.32000005245209","","48","","106","144","","","0.447578001140641","10.12","10","0","0","0","0","0","0","","","","","","","","","","","","","","",""
"Cycling","Bike","","","","2018-07-03","","30111.390625","","","","","1.81944441795349","4.59700012207031","","40","","119","160","","","0.671244405073123","92.18","61","13","1","1","0","0","0","","","","","","","","","","","","","","",""
"Indoor: Intensity Slide","Bike","Turbo/Rollers/Static Bike: Intensity Slide Time: 1 hour 40 minutes Warm-up: http://bit.ly/20minwarmup Ride: Adjust cadence and gearing relative to the length of efforts. Don’t spin out on the shorter ones and try to maintain a consistent 90 rpm + on the longer ones. Zones: Use the suggested zones as a pacing guide but each effort should be maximal for the time. RIDE GUIDE British Cycling 20-minute warm-up 8 X 15 seconds with 45 second recoveries maximal 10 minutes Active Recovery 6 X 1 minute HRZ/PZ 6 with 2-minute recoveries 10 minutes Active Recovery 3 X 5 minutes HRZ/PZ 4-5 with 6-minute recoveries 10 minutes Cool Down","1.66666666666667","","2018-07-04","• Don’t hold back on the 15-second sprints, these should be flat out. • The first time you do this workout, pace the longer efforts fairly conservatively, note down distance covered, speed or average power and try to beat it the next time. • This is a tough session, so make sure you schedule in enough recovery after it.","4422.64990234375","","","","","0.269806951284409","4.55299997329712","","","","117","141","","","0.637722803381664","11.76","12","0","0","0","0","0","0","","","","","","","","","","","","","","",""
"Walking","Walk","","","","2018-07-04","","3226.9599609375","","","","","0.692049980163574","1.29499995708466","","49","","103","129","","","0.431246481502285","14.15","7","0","0","0","0","0","0","","","","","","","","","","","","","","",""
"Cycling","Bike","","","","2018-07-04","","23822.16015625","","","","","1.54805183410645","4.27500009536743","","","","138","167","","","0.844219235283337","123.56","30","19","11","19","0","0","0","","","","","","","","","","","","","","",""
"Cycling","Bike","","","","2018-07-04","","5246.81005859375","","","","","0.261388897895813","5.57600021362305","","52","","113","142","","","0.63685255929327","11.36","9","1","0","0","0","0","0","","","","","","","","","","","","","","",""
"Cycling","Bike","","","","2018-07-04","","23921.130859375","","","","","1.48361110687256","4.47900009155273","","40","","140","170","","","0.859559285809759","122.63","28","16","14","19","0","0","0","","","","","","","","","","","","","","",""
"Cycling","Bike","","","","2018-07-04","","3566.64990234375","","","","","0.196103617548943","5.05200004577637","","","","112","145","","","0.634587800172743","8.41","9","0","0","0","0","0","0","","","","","","","","","","","","","","",""
"Cycling","Bike","","","","2018-07-04","","3339.47998046875","","","","","0.166944444179535","5.55700016021729","","51","","","","","","","","","","","","","","","","","","","","","","","","","","","","",""
"Running","Run","","","","2018-07-04","","6446.16015625","","","","","0.615513920783997","2.90899991989136","","75","","144","179","","","0.92705188943807","57.9","10","8","11","4","0","0","0","","","","","","","","","","","","","","",""
"Cycling","Bike","","","","2018-07-04","","23921.130859375","","","","","1.48361110687256","4.47900009155273","","40","","140","170","","","0.859559285809759","122.63","28","16","14","19","0","0","0","","","","","","","","","","","","","","",""
"Cycling","Bike","","","","2018-07-04","","5246.81005859375","","","","","0.261388897895813","5.57600021362305","","52","","113","142","","","0.63685255929327","11.36","9","1","0","0","0","0","0","","","","","","","","","","","","","","",""
"Cycling","Bike","","","","2018-07-04","","3339.47998046875","","","","","0.166944444179535","5.55700016021729","","51","","","","","","","","","","","","","","","","","","","","","","","","","","","","",""
"Cycling","Bike","","","","2018-07-05","","41523.3203125","","","","","1.28888893127441","8.94900035858154","","","","137","158","","","0.788229356300509","89.28","33","25","13","0","0","0","0","","","","","","","","","","","","","","",""
"Cycling","Bike","","","","2018-07-05","","41523.3203125","","","","","1.28888893127441","8.94900035858154","","","","137","158","","","0.788229356300509","89.28","33","25","13","0","0","0","0","","","","","","","","","","","","","","",""
"Cycling","Bike","","","","2018-07-05","","2437.64990234375","","","","","0.0861924961209297","7.85599994659424","","","","131","154","","","0.76562881789461","5.28","3","1","0","0","0","0","0","","","","","","","","","","","","","","",""
"Cycling","Bike","","","","2018-07-05","","4195.0400390625","","","","","0.206111118197441","5.65399980545044","","","","","","","","","","","","","","","","","","","","","","","","","","","","","","",""
"Rest Day","Day Off","This plan is all about the quality of the efforts so resting up well on recovery days is vital. Either put your feet up or do a restorative activity such as swimming, Pilates or yoga.","","","2018-07-05","","","","","","","","","","","","","","","","","","","","","","","","","","","","","","","","","","","","","","",""
"Outdoor: Standing starts","Bike","Outdoor Training Sessions: Standing Starts Time: 55 minutes - 1 hour 10 minutes Warm-up: http://bit.ly/WU1_warmup Terrain: Flat and ideally traffic free for starts Zones: Not applicable, starts should be maximal RIDE GUIDE • 14 minutes - Warm-up WU T1 • X10-15 20-second Standing Starts with • 3-minute recoveries (see pre-activity comments) • 10 minutes - Cool Down","1.16666666666667","","2018-07-06","• Select a gear that replicates the gear you would typically be using on the track. • Come to a near halt in standing position and with your feet aligned how they would be for a start. • Explode away, keeping your arms straight and driving through with your hips. Keep accelerating through the 20 seconds of the effort. • Recoveries are easy spinning","1199.02001953125","","","","","0.0625","5.31400012969971","","","","","","","","","","","","","","","","","","","","","","","","","","","","","","",""
"Strength","Strength","","","","2018-07-06","","0","","","","","0.532523334026337","0","","","","77","131","","","0.543392441622764","17.15","1","0","0","0","0","0","0","","","","","","","","","","","","","","",""
"Cycling","Bike","","","","2018-07-06","","2254.06005859375","","","","","0.099722221493721","6.28599977493286","","","","","","","","","","","","","","","","","","","","","","","","","","","","","","",""
"Cycling","Bike","","","","2018-07-06","","3310.23999023438","","","","","0.155555561184883","5.90899991989136","","","","","","","","","","","","","","","","","","","","","","","","","","","","","","",""
"Cycling","Bike","","","","2018-07-06","","1199.02001953125","","","","","0.0625","5.31400012969971","","","","","","","","","","","","","","","","","","","","","","","","","","","","","","",""
"Cycling","Bike","","","","2018-07-06","","3310.23999023438","","","","","0.155555561184883","5.90899991989136","","","","","","","","","","","","","","","","","","","","","","","","","","","","","","",""
"Cycling","Bike","","","","2018-07-06","","2254.06005859375","","","","","0.099722221493721","6.28599977493286","","","","","","","","","","","","","","","","","","","","","","","","","","","","","","",""
"Rest Day","Day Off","Don’t be tempted to try and squeeze in any extra training. Invest some time in maximising your recovery","","","2018-07-07","","","","","","","","","","","","","","","","","","","","","","","","","","","","","","","","","","","","","","",""
"Indoor: Geared Sprint Pyramid","Bike","Turbo/Rollers/Static Bike: Geared Sprint Pyramid Time: 1 hour 5 minutes approximately Warm-up: http://bit.ly/20minwarmup Ride: Jump out of the saddle, sprint until you are on top of the gear and then sit down and maintain the speed so that the entire sprint effort lasts 20-30 seconds. Gearings are suggested, so adjust them accordingly to suit your ability and the bike’s set-up. ￼Zones: All efforts are maximal, spin in an easy gear for active recovery. RIDE GUIDE British Cycling 20-minute warm-up 20-30 seconds sprint (39X21) 3 minutes Active Recovery 20-30 seconds sprint (39X18) 3 minutes Active Recovery 20-30 seconds sprint (53X21) 3 minutes Active Recovery 20-30 seconds sprint (53X18) 3 minutes Active Recovery 20-30 seconds sprint (53X15) 3 minutes Active Recovery 20-30 seconds sprint (53X12) 3 minutes Active Recovery Work back down the gears finishing with (39X21) 10 minutes Cool down","1.08333333333333","","2018-07-08","• Get on top of the gear as quickly as possible and, especially in the lower gears, keep accelerating when seated. • Avoid bobbing in the saddle and excessive movement of the upper body. • End each rep when you are unable to sustain your maximal cadence. An excellent workout, that is especially suited to rollers, for developing sprint power, strength and leg speed. Sprinting is all about getting your legs turning over quickly so beginning and ending a sprint session working in a comparatively low gear will ensure you start and finish strong and fast.","","","","","","","","","","","","","","","","","","","","","","","","","","","","","","","","","","","","","",""
"Indoor: Threshold Under/Overs","Bike","Turbo/Rollers/Static Bike: Threshold Under/Overs Session Time: 1.5 hours Warm-up: http://bit.ly/20minwarmup Ride: Cadences for both efforts should be above 90rpm Zones: Under efforts should be 90% of threshold, over efforts should be 110% threshold RIDE GUIDE British Cycling 20-minute warm-up 1 minutes Under 1 minutes Over 1 minutes Under 1 minutes Over 1 minutes Under 1 minutes Over 1 minutes Under 1 minutes Over 1 minutes Under 1 minutes Over 5 minutes Active Recovery Repeat this 10 minute block 4 more times with rest between. Cool down before finish.","1.5","","2018-07-09","• Make sure you’ve recently tested your heart rate or power Threshold value • and that it’s accurate. • Try to maintain consistency at both levels through the whole workout. • Keep your pedal stroke smooth and even. There is no point having a great sprint if you haven’t got the sustained pace to be there at the end of a race. This session, especially if you include the 10-second sprints, is a great race simulation.","","","","","","","","","","","","","","","","","","","","","","","","","","","","","","","","","","","","","",""
"Running","Run","","","","2018-07-09","","6497.1201171875","","","","","0.796733319759369","2.26500010490417","","73","","157","172","","","0.736179804269767","47.58","1","4","13","24","1","0","0","","","","","","","","","","","","","","",""
"Rest Day","Day Off","Last week was probably quite a shock to your legs, especially the back to back sessions on Saturday and Sunday, so rest up.","","","2018-07-10","","","","","","","","","","","","","","","","","","","","","","","","","","","","","","","","","","","","","","",""
"Indoor: Russian Steps","Bike","Turbo/Rollers/Static Bike: Russian Steps Time: 1 hour Warm-up: http://bit.ly/20minwarmup Ride: All of the “on” efforts are maximal, select a gear/resistance that means you don’t spin out. Just turn your legs over during the “off” recoveries. ￼Zones: Zones don’t apply as efforts are maximal. RIDE GUIDE British Cycling 20-minute warm-up 15 seconds ON - 45 seconds OFF 30 seconds ON - 30 seconds OFF 45 seconds ON - 15 seconds OFF 60 seconds ON - 60 seconds OFF 45 seconds ON - 15 seconds OFF 30 seconds ON - 30 seconds OFF 15 seconds ON 5 minutes 45 seconds Recovery Repeat the whole set 2 more times but don’t do the recovery after the third set, go straight into your cool-down. 10 minutes Cool Down","1","","2018-07-11","• Sprinting is about leg speed, so don’t make the gear/resistance too high. • Even though you are making a maximal effort, stay relaxed, don’t fight the bike and keep your upper body stable. • The 60-second effort can feel like an awful long time, you may have to pace yourself a bit for this one. Start the minute just below maximum and ramp it up to finish strong. A classic workout for building sprint speed and power and tolerance to repeated hard efforts of varying length.","","","","","","","","","","","","","","","","","","","","","","","","","","","","","","","","","","","","","",""
"Rest Day","Day Off","This plan is all about the quality of the efforts so resting up well on recovery days is vital. Either put your feet up or do a restorative activity such as swimming, Pilates or yoga.","","","2018-07-12","","","","","","","","","","","","","","","","","","","","","","","","","","","","","","","","","","","","","","",""
"Indoor: Spin Out Session","Bike","Turbo/Rollers/Static Bike: Spin Out Session Time: 1 hour Warm-up: http://bit.ly/WU1_warmup Ride: Keep resistance low and you should be hitting well over 110rpm on the Spin Outs. Recover by turning your legs over at 90rpm with very low resistance. ￼ Zones: This session is not completed with zones, complete on prescribed cadences WU T1 30 seconds increase cadence to near maximum without losing riding position form 1 minute, hold this high cadence 4 minutes Active Recovery Repeat this set 3 more times. After 4 sets active recovery for 10 minutes.","1","","2018-07-13","• Lift the leg up as quickly as possible, aiding the leading leg in the down stroke and decreasing the amount of ‘bobbing’ in the saddle • Keep the upper body as stable as possible, there should be limited movement • If you bob on the saddle, lower you cadence slightly to stop the bobbing and regain control To boost leg speed and give you a bit of a shake out without incurring too much fatigue","","","","","","","","","","","","","","","","","","","","","","","","","","","","","","","","","","","","","",""
"Rest Day","Day Off","Don’t be tempted to try and squeeze in any extra training. Invest some time in maximising your recovery","","","2018-07-14","","","","","","","","","","","","","","","","","","","","","","","","","","","","","","","","","","","","","","",""
"Indoor: Leg Speed","Bike","Session Type: Indoor / Outdoor Time: 55 Mins Intensity: Med Session Details: Leg Speed Warm-up: http://bit.ly/WU1_warmup Cadence: As directed. Specified cadences are targets and you may have to reduce them to maintain form. Choose an easy gear, small chainring for the whole of the session HRZ: Concentrate on cadence only PZ: Concentrate on cadence only RIDE GUIDE WU T1 3 minutes 90 rpm 2 minutes 100 rpm 1 minute 110 rpm 30 seconds 115 rpm 15 seconds 120 rpm 15 seconds MAXIMUM effort without bobbing in the saddle!! 2 minutes STAND and ride easy 15 seconds MAXIMUM effort 15 seconds 120 rpm 30 seconds 115 rpm 1 minute 110 rpm 2 minutes 100 rpm 2 minutes SIT and ride easy Repeat 10 minutes cool down at 80 - 90 rpm","0.916666666666667","","2018-07-15","• Engage your core and resist bobbing in the saddle. If you start to bob, reduce the cadence until you are stable. • Smooth pedal strokes through the whole revolution • Keep your core engaged, not bobbing in the saddle • Work towards being able to switch from one target cadence to another, not building over time. Developing the leg speed that, in combination with strength, will build a strong sprint.","","","","","","","","","","","","","","","","","","","","","","","","","","","","","","","","","","","","","",""
"Outdoor: Pre event ride","Bike","Outdoor Training Sessions: Pre Event Ride Time: 1 hour Warm-up: WU R from http://bit.ly/WU1_warmup Terrain: Flat Zones: The majority of the ride should be HRZ/PZ 1, cadence 90-100 rpm. Follow instructions for the spin-ups. RIDE GUIDE • 10 minutes - Warm-up WU R • 20 minutes - HRZ/PZ 1 30 seconds - In a low gear, spin up to 110 rpm + 1 minute - Hold the high cadence 4 minutes - HRZ/PZ 1 • Repeat for a total of 4 repetitions • 8 minutes - Easy spinning cool down","1","","2018-07-16","• On the spin-ups, keep the upper body as stable as possible, there should be limited movement. • Keep the gear low, the aim isn’t to produce a lot of power. • If you are bobbing in the saddle, lower your cadence slightly to stop this and regain control. A recovery ride with some hi revving efforts to keep your legs fresh and fast.","","","","","","","","","","","","","","","","","","","","","","","","","","","","","","","","","","","","","",""
"Running","Run","","","","2018-07-16","","4846.5498046875","","","","","0.479058593511581","2.80999994277954","","73","","148","164","","","0.930086434404269","45.08","3","9","9","5","0","0","0","","","","","","","","","","","","","","",""
"Running","Run","","","","2018-07-18","","6659.25","","","","","0.721873641014099","2.56200003623962","","72","","146","168","","","0.840091995535223","55.99","5","13","13","8","0","0","0","","","","","","","","","","","","","","",""
"Cycling","Bike","","","","2018-07-18","","3622.48999023438","","","","","0.176678061485291","5.69500017166138","","","","120","129","","","0.623264023424109","7.28","10","0","0","0","0","0","0","","","","","","","","","","","","","","",""
"Cycling","Bike","","","","2018-07-19","","3058.17993164063","","","","","0.162119179964066","5.23999977111816","","","","150","171","","","0.948707892040478","15.43","1","1","7","0","0","0","0","","","","","","","","","","","","","","",""
"Strength","Strength","","","","2018-07-20","","0","","","","","0.554216086864471","0","","","","83","126","","","0.566582792656077","19.42","1","0","0","0","0","0","0","","","","","","","","","","","","","","",""
"Running","Run","","","","2018-07-22","","4846.66015625","","","","","0.493412792682648","2.72900009155273","","74","","138","151","","","0.898585679684891","43.36","10","16","1","0","0","0","0","","","","","","","","","","","","","","",""
"Running","Run","","","","2018-07-23","","1709.77001953125","","","","","0.147136390209198","3.2279999256134","","69","","128","141","","","1.0566801368324","17.36","8","0","0","0","0","0","0","","","","","","","","","","","","","","",""
"Strength","Strength","","","","2018-07-23","","0","","","","","0.63795667886734","0","","","","87","132","","","0.580078009294893","23.52","4","0","0","0","0","0","0","","","","","","","","","","","","","","",""
"Running","Run","","","","2018-07-26","","5664.39990234375","","","","","0.585475265979767","2.68700003623962","","74","","149","169","","","0.869072126747308","48.34","1","14","14","2","0","0","0","","","","","","","","","","","","","","",""
"Cycling","Bike","","","","2018-07-26","","3064.9599609375","","","","","0.194608882069588","4.375","","","","111","139","","","0.629820007606574","8.2","7","0","0","0","0","0","0","","","","","","","","","","","","","","",""
"Cycling","Bike","","","","2018-07-26","","2968.22998046875","","","","","0.142768070101738","5.77500009536743","","","","126","139","","","0.712036489957771","7.65","7","0","0","0","0","0","0","","","","","","","","","","","","","","",""
"Cycling","Bike","","","","2018-07-29","","22627.369140625","","","","","2.15736079216003","2.91300010681152","","","","120","164","","","0.698789504816766","118.96","56","20","10","1","0","0","0","","","","","","","","","","","","","","",""
"Running","Run","","","","2018-07-30","","3230.15991210938","","","","","0.350592792034149","2.55900001525879","","69","","140","156","","","0.831970267256659","26.21","5","7","5","0","0","0","0","","","","","","","","","","","","","","",""
"Cycling","Bike","","","","2018-07-30","","5747.25","","","","","0.887811124324799","1.79799997806549","","","","101","147","","","0.614130138494501","36.98","23","2","0","0","0","0","0","","","","","","","","","","","","","","",""
"Cycling","Bike","","","","2018-07-31","","996.489990234375","","","","","0.141533330082893","1.9559999704361","","","","94","131","","","0.595824366337023","5.3","2","0","0","0","0","0","0","","","","","","","","","","","","","","",""
"Cycling","Bike","","","","2018-07-31","","5200.66015625","","","","","0.339598059654236","4.25400018692017","","","","147","192","","","0.976404846400639","34.92","2","1","0","5","1","2","2","","","","","","","","","","","","","","",""
"Running","Run","","","","2018-08-01","","8169.2900390625","","","","","0.831726431846619","2.7279999256134","","74","","161","178","","","0.895955074032666","73.62","3","1","8","23","4","3","0","","","","","","","","","","","","","","",""
"Cycling","Bike","","","","2018-08-03","","10718.66015625","","","","","1.11224246025085","2.67700004577637","","","","119","142","","","0.654376608830226","52.9","55","1","0","0","0","0","0","","","","","","","","","","","","","","",""
"Running","Run","","","","2018-08-06","","6456.240234375","","","","","0.654417276382446","2.74000000953674","","74","","142","167","","","0.895941427112485","57.58","10","17","6","3","0","0","0","","","","","","","","","","","","","","",""
"Running","Run","","","","2018-08-08","","10693.76953125","","","","","1.02495217323303","2.89800000190735","","76","","155","184","","","0.921802749413548","96.54","9","4","9","19","5","7","1","","","","","","","","","","","","","","",""
"Cycling","Bike","","","","2018-08-10","","3106.90991210938","","","","","0.229533046483994","3.75999999046326","","","","124","135","","","0.68224722282565","11.4","13","0","0","0","0","0","0","","","","","","","","","","","","","","",""
"Cycling","Bike","","","","2018-08-10","","1939.66003417969","","","","","0.118004448711872","4.56599998474121","","","","120","125","","","0.637699209550536","5.04","7","0","0","0","0","0","0","","","","","","","","","","","","","","",""
"Cycling","Bike","","","","2018-08-11","","3234.6201171875","","","","","0.253288894891739","3.54699993133545","","","","104","129","","","0.608936243611987","10.06","3","0","0","0","0","0","0","","","","","","","","","","","","","","",""
"Cycling","Bike","","","","2018-08-11","","50130.03125","","","","","1.62894916534424","8.54800033569336","","","","128","165","","","0.711861428215066","92.58","73","16","4","1","0","0","0","","","","","","","","","","","","","","",""
"Cycling","Bike","","","","2018-08-11","","3126.89990234375","","","","","0.148574724793434","5.84600019454956","","","","119","185","","","0.672078411654507","7.09","6","0","0","0","0","0","0","","","","","","","","","","","","","","",""
"Cycling","Bike","","","","2018-08-12","","9277.9404296875","","","","","0.600880265235901","4.28900003433228","","","","117","134","","","0.640431125048605","26.97","27","0","0","0","0","0","0","","","","","","","","","","","","","","",""
"Cycling","Bike","","","","2018-08-13","","52871.1484375","","","","","3.73362898826599","3.93400001525879","","","","124","165","","","0.698755302629941","208.71","126","34","15","3","0","0","0","","","","","","","","","","","","","","",""
"Running","Run","","","","2018-08-14","","5200.06982421875","","","","","0.497633069753647","2.90300011634827","","74","","140","152","","","0.946033430594864","48.47","9","14","3","0","0","0","0","","","","","","","","","","","","","","",""
"Cycling","Bike","","","","2018-08-14","","3077.67993164063","","","","","0.203876659274101","4.19299983978271","","","","116","139","","","0.684044743692204","10.16","8","0","0","0","0","0","0","","","","","","","","","","","","","","",""
"Cycling","Bike","","","","2018-08-14","","3532.46997070313","","","","","0.176359996199608","5.56400012969971","","","","103","122","","","0.608880435480292","6.94","3","0","0","0","0","0","0","","","","","","","","","","","","","","",""
"Cycling","Bike","","","","2018-08-15","","9065.080078125","","","","","0.65578031539917","3.83999991416931","","","","122","160","","","0.698946124646098","35.12","21","7","0","0","0","0","0","","","","","","","","","","","","","","",""
"Running","Run","","","","2018-08-16","","5806.990234375","","","","","0.65255606174469","2.47199988365173","","65","","139","169","","","0.838840470826097","50.32","14","6","9","6","0","0","0","","","","","","","","","","","","","","",""
"Running","Run","","","","2018-08-20","","5262.97021484375","","","","","0.506401658058167","2.88700008392334","","74","","141","170","","","0.933862978167482","48.1","10","10","6","1","0","0","0","","","","","","","","","","","","","","",""
"Running","Run","","","","2018-08-22","","9696.5703125","","","","","1.03823471069336","2.59400010108948","","76","","133","163","","","0.812727359403233","76.03","46","12","0","0","0","0","0","","","","","","","","","","","","","","",""
"Running","Run","","","","2018-08-27","","5017.16015625","","","","","0.528128027915955","2.63899993896484","","70","","141","160","","","0.883627043018782","44.95","6","17","4","1","0","0","0","","","","","","","","","","","","","","",""
"Running","Run","","","","2018-08-29","","11535.0595703125","","","","","1.19059276580811","2.69099998474121","","77","","136","156","","","0.857679999021115","97.44","31","32","4","0","0","0","0","","","","","","","","","","","","","","",""
"Running","Run","","","","2018-09-03","","13416.9599609375","","","","","1.35055637359619","2.75999999046326","","75","","145","176","","","0.875934160544073","115.66","8","47","14","6","0","0","0","","","","","","","","","","","","","","",""
"Running","Run","","","","2018-09-05","","3228.31005859375","","","","","0.345345824956894","2.59699988365173","","70","","125","159","","","0.857864313340447","27.43","17","3","0","0","0","0","0","","","","","","","","","","","","","","",""
"Running","Run","","","","2018-09-10","","16356.5703125","","","","","1.6004227399826","2.83899998664856","","78","","147","173","","","0.911912713003402","149.19","5","47","20","11","1","0","0","","","","","","","","","","","","","","",""
"Running","Run","","","","2018-09-17","","8837.240234375","","","","","1.19990360736847","2.0460000038147","","58","","121","164","","","0.702399897522913","65.88","28","11","5","0","0","0","0","","","","","","","","","","","","","","",""
"Running","Run","","","","2018-09-22","","2593.05004882813","","","","","0.242862224578857","2.96600008010864","","75","","144","158","","","0.950030469972761","23.43","1","9","2","0","0","0","0","","","","","","","","","","","","","","",""
"Running","Run","","","","2018-09-29","","21595.490234375","","","","","1.97193276882172","3.04200005531311","","78","","149","177","","","0.969571252235772","208.87","14","28","30","33","0","0","0","","","","","","","","","","","","","","",""
"Zwift - Watopia","Bike","","","","2018-10-06","","27640.689453125","182","670","675.301","","1.02802860736847","7.46799993515015","","81","","141","169","","","0.747022314503922","55.47","19","12","5","20","0","0","0","","","","29","13","13","6","2","1","","","","","",""
"Zwift - FTP Test","Bike","","","","2018-10-11","","28782.109375","173","377","766.642","","1.22694635391235","6.51599979400635","","86","","132","169","","","0.741212009464545","66.43","39","6","10","11","0","0","0","","","","45","4","10","14","2","0","","","","","",""
"Zwift - High Intensity Recovery","Bike","","","","2018-10-13","","45010.51953125","184","260","903.425","","1.35759997367859","9.20899963378906","","85","","141","169","","","0.73779444951438","73.03","36","8","1","32","0","0","0","","","","41","5","18","17","0","0","","","","","",""
"Peak 2 Peak","Bike","","","","2018-10-20","","40709.0390625","","",""," *11/25/2018 Abigail Snyder: Cramped. Zero power in the legs. Rode the third lap at “my pace” because I had nothing left to chase the leaders down. Very disappointed overall, but happy with my handling skills in very muddy conditions. Even with inhaler, coughed for 3 hours after race.*","2.37555551528931","4.76000022888184","","","","122","159","","","0.646512020967641","112.4","131","2","0","1","0","0","0","","","","","","","","","","","","","","8","9"
"Iceman Out & Back","Bike","","","","2018-10-21","","69918.046875","","","","","3.45527768135071","5.62099981307983","","","","117","140","","","0.612767183148909","148.25","175","2","0","0","0","0","0","","","","","","","","","","","","","","7","3"
"Cycling","Bike","","","","2018-10-30","","2713.330078125","","","","","0.167262509465218","4.50600004196167","","","","118","132","","","0.621539575115711","6.84","9","0","0","0","0","0","0","","","","","","","","","","","","","","",""
"Cycling","Bike","","","","2018-10-30","","3021.169921875","","","","","0.138598054647446","6.05499982833862","","","","122","130","","","0.667665324294813","6.52","8","0","0","0","0","0","0","","","","","","","","","","","","","","",""
"Iceman","Bike","","","","2018-11-03","","46286.5390625","","",""," *11/25/2018 Abigail Snyder: Cramped. Zero power. Cramps disappeared as soon as I got next to a heater post-race. Was not sore at all afterwards. Disappointed that I can’t seem to ride hard in the cold—just no power.*","2.25666666030884","5.69799995422363","","","","123","159","","","0.670681503894983","114.76","111","10","1","0","0","0","0","","","","","","","","","","","","","","10","9"
"Running","Run","","","","2018-11-06","","1554.09997558594","","","","","0.190860003232956","2.26200008392334","","62","","125","144","","","0.817601751707931","13.56","11","0","0","0","0","0","0","","","","","","","","","","","","","","",""
"Running","Run","","","","2018-11-10","","2683.71997070313","","","","","0.3090580701828","2.41199994087219","","65","","139","152","","","0.803092806869529","21.45","3","14","1","0","0","0","0","","","","","","","","","","","","","","",""
"Lap Swimming","Swim","","","","2018-11-13","","300","","","","","0.145786111111111","0.893838769362782","","20","","","","","","1.07689852419515","11.63","","","","","","","","","","","","","","","","","","","","","",""
"Lap Swimming","Swim","","","","2018-11-13","","525","","","","","0.419427222222222","0.718623855848161","","21","","","","","","0.865011974621956","13.13","","","","","","","","","","","","","","","","","","","","","",""
"Zwift - FTP Test - 215 (Down 29w. Ugh. Can't breathe in the cold.)","Bike","","","","2018-11-17","","30018.330078125","168","423","739.159","","1.21861112117767","6.84200000762939","","85","","0","0","","","0.699780781438025","59.3","","","","","","","","","","","43","10","11","9","1","0","","","","","",""
"Zwift - Watopia - Z2 attempt","Bike","","","","2018-11-20","","32288.5703125","144","285","598.904","","1.15428864955902","7.76999998092651","","132","","0","0","","","0.533381458955057","31.74","","","","","","","","","","","49","20","1","0","0","0","","","","","",""
"Cycling","Bike","","","","2018-11-23","","3108.82006835938","","","","","0.131666660308838","6.53999996185303","","","","","","","","","","","","","","","","","","","","","","","","","","","","","","",""
"Cycling","Bike","","","","2018-11-23","","17938.400390625","","",""," *11/25/2018 Abigail Snyder: Not terrible. Bike felt heavy; I felt sluggish. Rode pretty easy and did repeats of a few technical sections*","1.12166666984558","4.44199991226196","","","","","","","","","","","","","","","","","","","","","","","","","","","","","","2","7"
"Zwift - London","Bike","","","","2018-11-24","","33876.94140625","157","584","698.021"," *11/25/2018 Abigail Snyder: Rode with Ken. Tried to keep a steady effort. Felt a bit stronger than I have in a long time... maybe because it’s slightly warmer today?*","1.22954332828522","7.65299987792969","","84","","0","0","","","0.606854984875837","45","","","","","","","","","","","40","29","3","1","0","0","","","","","4","5"
"Running","Run","","","","2018-11-25","","2660.76000976563","","","","","0.338155269622803","2.18600010871887","","60","","127","159","","","0.760428429998233","21.08","10","6","0","0","0","0","0","","","","","","","","","","","","","","",""
"Cycling","Bike","","","","2018-11-25","","29217.2109375","","",""," *11/25/2018 Abigail Snyder: I felt better than I have and a while, but definitely felt fatigued more towards the end of the ride. There was a headwind on the way back, so that might have been part of it. I was also carrying a backpack with a gallon of oil for my car and other stuff… So it was pretty heavy*","1.10805559158325","7.32399988174438","","78","","","","","","","","","","","","","","","","","","","","","","","","","","","","5","5"
"Zwift - Watopia Z2","Bike","","","","2018-11-27","","30350.099609375","155","539","702.81"," *11/28/2018 Abigail Snyder: Kept it pretty steady cadence and power. Still no hr strap. Felt good. Went for a sprint at the top of the epic climb and in the sprint. Not enough to hurt, but enough to have fun. Otherwise tried to stay in zone 2.*","1.25805556774139","6.70100021362305","","84","","0","0","","","0.769528928358398","73.82","","","","","","","","","","","11","41","18","4","1","1","","","","","5","3"
"Cycling","Bike","","","","2018-11-29","","13050","","",""," *11/30/2018 Abigail Snyder: Spin ups on rollers. Awful. I started bouncing around 105 rpm and then struggled getting any kind of rhythm even at a slower cadence after that. Pretty much rough and nowhere near smooth the whole time.*","0.622222244739532","5.82600021362305","","89","","106","143","","","0.621650766199362","26.32","7","2","0","0","0","0","0","","","","","","","","","","","","","","","7"
"Cycling","Bike","","","","2018-11-30","","9318.5302734375","","",""," *11/30/2018 Abigail Snyder: Way harder than it should have been. My heart rate was out of control*","0.383888900279999","6.74300003051758","","","","147","165","","","0.928277495619489","35.78","2","6","6","6","0","0","0","","","","","","","","","","","","","","5","7"
"Cycling","Bike","","","","2018-11-30","","12359.33984375","","","","","0.501944422721863","6.84000015258789","","","","145","164","","","0.892547422514871","43.54","4","9","10","3","0","0","0","","","","","","","","","","","","","","",""
"Zone 2-3 Zwift Ride","Bike","","1.5","","2018-12-01","","43745.7890625","132","321","723.43"," *12/01/2018 Abigail Snyder: Spent more time completing SRAM training on my phone than paying attention to Zwift. Just tried to maintain what felt like a steady effort.*","1.51361107826233","8.02799987792969","","80","","122","136","","","0.636456301025879","61.06","89","0","0","0","0","0","0","","","","32","49","9","2","0","0","","","","","4","5"
"Zone 2-3 Zwift Ride","Bike","","2","","2018-12-02","","41429.23046875","","",""," *12/02/2018 Abigail Snyder: Riding on the Greenway made keeping it easy much easier... but it was cold and wet.*","2.06166672706604","5.58199977874756","","","","118","148","","","0.646916696772888","97.32","87","7","0","0","0","0","0","","","","","","","","","","","","","","2","5"
"Zone 2-3 Zwift Ride","Bike","","1.5","","2018-12-04","","45401.359375","142","411","778.016"," *12/05/2018 Abigail Snyder: Felt good. Did my best to stay in Zone 2. Trainer power got adjusted somehow....will want to make sure I check that before every ride so it doesn’t force me to stand to climb the steeper grades*","1.51277780532837","8.33600044250488","","84","","122","140","","","0.68372361065343","70.34","89","0","0","0","0","0","0","","","","18","56","14","2","0","1","","","","","5","5"
"Cycling","Bike","","0.75","","2018-12-06","","22755.419921875","138","353","390.996","","0.782046914100647","8.08199977874756","","77","","123","148","","","0.684995132998037","35.2","39","4","0","0","0","0","0","","","","12","25","7","2","0","0","","","","","",""
"Virtual Activity Cycling","Bike","","","","2018-12-06","","2212.7900390625","148","354","93.845","","0.175422221422195","3.50300002098083","","72","","113","129","","","0.721564259094066","8.11","9","0","0","0","0","0","0","","","","1","7","2","0","0","0","","","","","",""
"Zone 2-3 Zwift Ride","Bike","","1.5","","2018-12-08","","17725.7109375","","",""," *12/08/2018 Abigail Snyder: Struggled to keep heart rate down in zone 2 -- it seemed to be high even when working at what felt like a low effort. But good to be outside again.*","1.39694440364838","3.52500009536743","","","","147","169","","","0.893436957861843","124.56","6","38","20","11","0","0","0","","","","","","","","","","","","","","3","5"
"Zone 2-3 Zwift Ride","Bike","","2","","2018-12-09","","48380.80078125","175","449","1148.477"," *12/09/2018 Abigail Snyder: I felt surprisingly good considering I couldn’t take a full breath without coughing. Managed my breathing and tried to focus on cadence. Attempted to eat real food—PB&J—while riding but only got 1.5 bottles of water and half the sandwich eaten. Better than nothing.*","1.81861114501953","7.38899993896484","","87","","151","172","","","0.841060957637221","127.94","8","28","17","48","0","0","0","","","","8","37","42","17","4","3","","","","","7","3"
"Virtual Activity Cycling","Bike","","","","2018-12-09","","8081.16015625","138","259","131.714"," *12/09/2018 Abigail Snyder: Supposed to be a warm-up, but I couldn’t breathe at all and thought I might die from coughing.*","0.264906674623489","8.47299957275391","","68","","127","143","","","0.660173287206285","11","13","2","0","0","0","0","0","","","","3","12","1","0","0","0","","","","","",""
"Zone 2-3 Zwift Ride","Bike","","1.5","","2018-12-11","","46729.98828125","137","320","755.685"," *12/12/2018 Abigail Snyder: Felt pretty good—like I was able to hold a steady zone 2 without much effort.*","1.52298951148987","8.52299976348877","","82","","128","144","","","0.656067568200069","64.83","77","9","0","0","0","0","0","","","","21","61","8","1","0","0","","","","","5","3"
"Cycling","Bike","","","","2018-12-11","","3089.71997070313","","","","","0.196083053946495","4.3769998550415","","","","119","138","","","0.651384420450882","8.85","8","0","0","0","0","0","0","","","","","","","","","","","","","","3","5"
"Cycling","Bike","","","","2018-12-11","","3425.06005859375","","","","","0.179815277457237","5.29099988937378","","","","115","131","","","0.617180492971072","7.28","8","0","0","0","0","0","0","","","","","","","","","","","","","","3","5"
"Cycling","Bike","","1","","2018-12-13","","25231.380859375","","",""," *12/14/2018 Abigail Snyder: A little better on the cadence spin ups. Also more steady on the rollers. One-leg is not happening on rollers... but I did practice getting in and out of the drops, as well as looking back on each side.* *12/14/2018 Abigail Snyder: Forgot my Hr strap at work. Still coughing, but would guess zone 1 hr... probably barely if at all zone 2.* *12/14/2018 Abigail Snyder: Tired before the ride. Actually feel a bit more alive post-Ride.*","1.00166666507721","6.99700021743774","","84","","","","","","","","","","","","","","","","","","","","","","","","","","","","2","5"
"Cycling","Bike","","","","2018-12-13","","3142.67993164063","","","","","0.151111111044884","5.77600002288818","","","","","","","","","","","","","","","","","","","","","","","","","","","","","","","9"
"Cycling","Bike","","","","2018-12-13","","3013.3701171875","","","","","0.126666665077209","6.60799980163574","","","","","","","","","","","","","","","","","","","","","","","","","","","","","","","9"
"Zone 2-3 Zwift Ride","Bike","","1.5","","2018-12-15","","41212.71875","118","272","657.91"," *12/15/2018 Abigail Snyder: So fatigued. I was pushing (or felt like it), just to get in zone 2 for part of this ride. Bleh*","1.54254472255707","7.4210000038147","","79","","116","139","","","0.569046088101768","48.33","82","0","0","0","0","0","0","","","","56","33","4","1","0","0","","","","","",""
"Zone 2-3 Zwift Ride","Bike","","2","","2018-12-16","","49029.28125","","",""," *12/16/2018 Abigail Snyder: It felt good to get outside and ride. I wish I would have dressed a little warmer, but felt good. The ride was slower than I expected, but I still got in some good zone two effort’s.*","2.0452778339386","6.65899991989136","","65","","122","175","","","0.667686313020233","102.83","72","14","4","5","0","0","0","","","","","","","","","","","","","","",""
"Zone 2-3 Zwift Ride","Bike","","1.5","","2018-12-18","","37852.01171875","131","278","714.491"," *12/19/2018 Abigail Snyder: Felt pretty normal. Twinge of right knee pain again. But nothing bothersome. Still coughing some, but finally getting a bit better.*","1.51148915290833","6.95599985122681","","82","","118","172","","","0.626513132817666","59.14","86","1","0","0","0","0","0","","","","29","54","7","1","0","0","","","","","5","5"
"Cycling","Bike","","1","","2018-12-20","","30524.400390625","","",""," *12/21/2018 Abigail Snyder: Felt good until I started the cadence rollups,  then my quads started to really hurt. Evened out by the second set. I’m guessing my workout with Paul Z might have been a bit harder yesterday... 😂. Bouncy at 110, but ok up to that.*","1.00166666507721","8.46500015258789","","90","","123","151","","","0.647995688595481","46.6","48","6","2","0","0","0","0","","","","","","","","","","","","","","6","7"
"Zone 2-3 Zwift Ride","Bike","","1.5","","2018-12-22","","33865.71875","145","364","710.459"," *12/22/2018 Abigail Snyder: Felt pretty good today. Rider’s choice is somehow harder than just riding. But good to keep a steady effort.*","1.35270726680756","6.9539999961853","","82","","136","154","","","0.694948924689965","64.36","32","43","1","0","0","0","0","","","","11","59","11","1","0","0","","","","","6","3"
"Greenway Ride w/ friends on the Epic","Bike","","2","","2018-12-23","","44357.16015625","","",""," *12/23/2018 Abigail Snyder: Cold, but fun ride with friends. Very mixed effort.*","2.3125","5.32800006866455","","","","125","178","","","0.682379010220994","121.81","75","19","9","3","0","0","0","","","","","","","","","","","","","","6","3"
"Zone 2-3 Zwift Ride","Bike","","2","","2018-12-24","","56410.26953125","133","667","967.461"," *12/24/2018 Abigail Snyder: Harder effort than I’m used to. Lost the group halfway when I stopped to get water.*","2.00694441795349","7.80700016021729","","37","","132","168","","","0.725955374960679","105.35","61","42","7","1","0","0","0","","","","50","47","16","4","1","2","","","","","8","3"
"Virtual Activity Cycling","Bike","","","","2018-12-24","","3499.13989257813","77","171","35.95","","0.129166662693024","7.52500009536743","","72","","106","115","","","0.361707998967351","1.58","2","0","0","0","0","0","0","","","","8","0","0","0","0","0","","","","","",""
"Snowboarding","Other","","","","2018-12-26","","10335.4697265625","","","","","0.50999391078949","5.62900018692017","","","","97","132","","","0.606439224046763","19","5","0","0","0","0","0","0","","","","","","","","","","","","","","6","5"
"Snowboarding","Other","","","","2018-12-26","","42817.08984375","","","","","1.96951365470886","6.03900003433228","","","","102","147","","","0.59846178846048","83.4","28","1","0","0","0","0","0","","","","","","","","","","","","","","7","5"
"Snowboarding","Other","","","","2018-12-27","","31139.5703125","","","","","1.5064183473587","5.74200010299683","","","","111","158","","","0.61779306331674","71.07","54","2","0","0","0","0","0","","","","","","","","","","","","","","6","3"
"Snowboarding Day 3","Other","","","","2018-12-28","","30399.009765625","","","","","1.54361057281494","5.46999979019165","","","","121","162","","","0.645215503336137","74.13","78","5","0","0","0","0","0","","","","","","","","","","","","","","7","5"
"Snowboarding, day 4","Other","","","","2018-12-29","","37077.55859375","","","","","1.62141275405884","6.35200023651123","","","","110","154","","","0.611026067501965","77.68","65","1","0","0","0","0","0","","","","","","","","","","","","","","6","3"
"Snowboarding, day 5","Other","","","","2018-12-30","","75127.28125","","","","","1.90984117984772","10.9270000457764","","","","117","154","","","0.632874652298263","95.66","96","4","0","0","0","0","0","","","","","","","","","","","","","","7","7"
